,customer_id,booking_id,from_city,from_country,to_city,to_country,booking_time,device_type_used,INR_Amount,service_name,no_of_passengers,days_to_departure,distance_km
0,customer_259,booking_82,Gurgaon,India,Ahmedabad,India,2020-02-05T16:12:08Z,Desktop,7.849822913440527,MMT,1.0,2.302585092994046,747.8
1,customer_303,booking_156,Delhi,India,Brussels,Belgium,2018-11-21T08:21:47Z,Android,10.048453322786314,YATRA,1.0,0.0,6701.5
2,customer_203,booking_99,Devanhalli,India,Frankfurt am Main,Germany,2019-12-16T22:54:58Z,Android,10.154930861400464,YATRA,1.0,3.4657359027997265,7712.0
3,customer_211,booking_319,Gurgaon,India,Frankfurt am Main,Germany,2021-10-29T12:25:38Z,Desktop,11.512925464970229,GOIBIBO,2.0,4.23410650459726,6112.5
4,customer_287,booking_222,Gurgaon,India,Roissy-en-France,France,2020-08-11T16:09:10Z,Android,10.36694480091183,GOIBIBO,1.0,1.0986122886681098,6570.4
5,customer_99,booking_241,Gurgaon,India,Roissy-en-France,France,2021-04-13T16:12:34Z,IOS,9.991644939272334,GOIBIBO,1.0,2.3978952727983707,6570.4
6,customer_28,booking_129,Kolkata,India,Gurgaon,India,2022-02-16T15:50:27Z,Desktop,9.506169169563732,GOIBIBO,1.0,2.5649493574615367,1310.7
7,customer_217,booking_18,Bhubaneswar,India,Durlaga,India,2021-09-10T19:09:12Z,Desktop,8.378390788535778,GOIBIBO,2.0,3.8501476017100584,260.5
8,customer_161,booking_136,Gurgaon,India,Amsterdam,Netherlands,2022-03-14T15:05:23Z,Desktop,11.071576151371433,MMT,1.0,4.454347296253507,6354.9
9,customer_150,booking_289,Delhi,India,Hamburg,Germany,2018-09-25T18:29:22Z,Desktop,10.778433861781558,YATRA,1.0,2.833213344056216,6275.7
10,customer_111,booking_141,Gurgaon,India,Berlin,Germany,2019-10-10T19:53:03Z,Desktop,10.267713912627695,YATRA,1.0,2.0794415416798357,6008.3
11,customer_178,booking_133,Mumbai,India,Paris,France,2021-02-27T19:26:11Z,MobileWeb,11.435439486078382,GOIBIBO,3.0,1.9459101490553132,7010.2
12,customer_197,booking_154,Delhi,India,Fiumicino,Italy,2018-12-01T21:38:40Z,Desktop,10.00604414086122,YATRA,1.0,1.791759469228055,6082.6
13,customer_282,booking_212,Indore,India,Mumbai,India,2021-10-16T07:56:59Z,IOS,8.460749815993026,GOIBIBO,1.0,0.0,506.2
14,customer_43,booking_101,Mumbai,India,Zaventem,Belgium,2020-01-18T06:46:09Z,IOS,10.360532580617472,GOIBIBO,1.0,2.9444389791664403,7166.5
15,customer_271,booking_105,Mumbai,India,London,United Kingdom,2019-09-02T10:36:27Z,IOS,10.025699875511767,YATRA,1.0,2.772588722239781,7544.3
16,customer_179,booking_218,Gurgaon,India,South Andaman Island,India,2020-01-12T17:34:59Z,Desktop,9.787223362849014,MMT,2.0,3.5553480614894135,2486.8
17,customer_7,booking_132,Devanhalli,India,Gurgaon,India,2021-04-14T18:20:41Z,Desktop,8.373387484032857,MMT,1.0,2.0794415416798357,1694.7
18,customer_210,booking_91,Gurgaon,India,Prague,Czechia,2019-12-26T00:55:55Z,Desktop,10.30179846362949,GOIBIBO,1.0,3.6888794541139363,5901.3
19,customer_269,booking_285,Hyderabad,India,San Francisco,USA,2020-10-15T13:36:14Z,Desktop,11.373209041559067,YATRA,1.0,3.091042453358316,9000.0
20,customer_114,booking_46,Delhi,India,Rome,Italy,2018-12-20T11:45:59Z,Desktop,10.0519075576544,YATRA,1.0,0.0,6059.1
21,customer_78,booking_206,Gurgaon,India,Lucknow,India,2021-10-21T08:16:05Z,Desktop,8.436590326884138,GOIBIBO,1.0,1.0986122886681098,422.0
22,customer_229,booking_280,Gurgaon,India,Milan,Italy,2020-02-11T05:46:16Z,MobileWeb,10.258136445418835,YATRA,1.0,0.0,6316.8
23,customer_227,booking_97,Mumbai,India,Gurgaon,India,2020-11-08T18:47:31Z,Android,10.402127228318196,YATRA,3.0,1.6094379124341003,1125.5
24,customer_179,booking_157,Mumbai,India,Jaipur,India,2020-01-23T13:58:39Z,Desktop,8.84701479006211,GOIBIBO,1.0,2.70805020110221,921.8
25,customer_188,booking_184,Rāja Sānsi,India,Glasgow,United Kingdom,2020-01-31T19:48:03Z,Android,10.698210922214319,GOIBIBO,1.0,2.302585092994046,6890.3
26,customer_25,booking_81,Rāja Sānsi,India,London,United Kingdom,2018-11-07T19:38:04Z,Desktop,11.150060114225122,YATRA,2.0,2.1972245773362196,6606.1
27,customer_68,booking_301,Madhyamgram,India,London,United Kingdom,2020-01-05T23:02:52Z,Desktop,11.02068866023771,YATRA,2.0,2.772588722239781,8483.8
28,customer_42,booking_188,Chennai,India,Munich,Germany,2021-11-15T11:18:10Z,MobileWeb,10.612822993292598,GOIBIBO,1.0,4.07753744390572,7352.9
29,customer_247,booking_119,Gurgaon,India,Fiumicino,Italy,2021-11-08T15:50:49Z,Android,9.989114638503565,GOIBIBO,1.0,3.2188758248682006,5932.6
30,customer_22,booking_134,New Delhi,India,Hamburg,Germany,2018-10-04T06:57:27Z,MobileWeb,9.896422654814007,YATRA,1.0,2.4849066497880004,6277.0
31,customer_40,booking_121,Bālāpur,India,Dubai,United Arab Emirates,2018-09-11T14:08:05Z,Desktop,10.592365633443865,YATRA,1.0,0.0,2558.6
32,customer_89,booking_226,Varanasi,India,Pune,India,2021-06-22T18:19:48Z,Desktop,9.302209182510689,GOIBIBO,1.0,2.4849066497880004,1208.9
33,customer_92,booking_249,Gurgaon,India,Rozenburg,Netherlands,2019-06-14T19:12:06Z,Desktop,10.504519444188269,YATRA,1.0,2.772588722239781,6672.6
34,customer_268,booking_58,Gurgaon,India,Jodhpur,India,2021-12-12T22:58:25Z,IOS,8.692283666844691,GOIBIBO,2.0,3.1780538303479458,475.0
35,customer_261,booking_181,Ahmedabad,India,Gurgaon,India,2021-11-13T08:08:46Z,Desktop,8.66419149674295,GOIBIBO,1.0,1.791759469228055,760.6
36,customer_183,booking_197,Jaipur,India,Gurgaon,India,2020-02-10T15:16:06Z,IOS,9.238675124403452,GOIBIBO,2.0,0.6931471805599453,210.3
37,customer_147,booking_23,Rāja Sānsi,India,Fiumicino,Italy,2018-09-29T19:37:19Z,Android,10.08099755233286,YATRA,1.0,1.3862943611198906,5686.1
38,customer_174,booking_76,Ahmedabad,India,London,United Kingdom,2020-02-06T13:54:26Z,Android,10.371639468418389,GOIBIBO,1.0,0.6931471805599453,7173.4
40,customer_39,booking_74,Thiruvananthapuram,India,Riga,Latvia,2018-09-29T13:53:17Z,Android,10.778005838354032,YATRA,1.0,3.295836866004329,7311.2
41,customer_193,booking_192,Rāja Sānsi,India,Fiumicino,Italy,2018-09-24T15:07:04Z,Android,10.320433173307217,YATRA,1.0,1.0986122886681098,5686.1
42,customer_137,booking_88,Gurgaon,India,Birmingham,United Kingdom,2019-12-22T08:49:25Z,IOS,10.739487545979662,YATRA,1.0,2.9444389791664403,7190.9
43,customer_222,booking_159,Gurgaon,India,Paris,France,2019-10-04T14:02:38Z,Desktop,9.844416722959076,GOIBIBO,1.0,1.6094379124341003,6869.5
44,customer_274,booking_275,Mumbai,India,Frankfurt am Main,Germany,2020-07-01T21:59:27Z,IOS,10.64156985708982,GOIBIBO,1.0,2.772588722239781,6564.3
45,customer_66,booking_78,Gurgaon,India,Frankfurt am Main,Germany,2021-08-29T18:39:56Z,IOS,10.178692103476797,GOIBIBO,1.0,3.8918202981106265,6112.5
46,customer_228,booking_176,Devanhalli,India,Frankfurt am Main,Germany,2022-01-14T05:54:40Z,Desktop,10.015422409773084,GOIBIBO,1.0,3.4965075614664802,7401.2
47,customer_109,booking_114,Jaipur,India,Mumbai,India,2019-12-10T09:57:11Z,Desktop,9.296004174728703,GOIBIBO,1.0,2.5649493574615367,921.8
48,customer_49,booking_56,Gurgaon,India,Roissy-en-France,France,2021-10-11T05:01:16Z,IOS,9.999415723162963,GOIBIBO,1.0,0.0,6564.2
49,customer_128,booking_66,Gurgaon,India,Milan,Italy,2020-11-12T15:10:03Z,Android,10.420827909271363,GOIBIBO,1.0,2.6390573296152584,6125.7
50,customer_272,booking_230,Gurgaon,India,Beijing,China,2019-12-04T20:55:24Z,Desktop,10.169835410410489,GOIBIBO,1.0,3.8501476017100584,3838.7
51,customer_141,booking_106,Delhi,India,Edinburgh,United Kingdom,2020-01-21T05:51:09Z,MobileWeb,10.38507384302493,GOIBIBO,1.0,1.9459101490553132,7277.4
52,customer_23,booking_310,New Delhi,India,Villafranca di Verona,Italy,2018-10-06T14:32:45Z,MobileWeb,9.74078037002575,YATRA,2.0,1.0986122886681098,6181.7
53,customer_61,booking_109,Gurgaon,India,Amsterdam,Netherlands,2018-09-04T16:45:23Z,Desktop,9.803446198355902,YATRA,1.0,4.68213122712422,6660.7
54,customer_18,booking_165,Mumbai,India,Nagpur,India,2020-02-24T12:03:11Z,Desktop,8.330381569349418,MMT,1.0,1.6094379124341003,689.1
55,customer_245,booking_215,Pune,India,Nagpur,India,2020-01-28T16:48:38Z,Android,8.887578122508193,MMT,1.0,1.9459101490553132,621.7
56,customer_119,booking_12,Mumbai,India,Gurgaon,India,2021-01-03T18:39:55Z,Desktop,8.338769627566913,MMT,1.0,1.3862943611198906,1125.5
57,customer_285,booking_42,Gurgaon,India,Lucknow,India,2020-01-06T20:51:06Z,Desktop,8.311987785233041,MMT,1.0,1.9459101490553132,424.0
58,customer_132,booking_5,Delhi,India,Dubai,United Arab Emirates,2020-11-21T17:08:00Z,Desktop,9.134110303614348,YATRA,1.0,1.3862943611198906,2202.3
59,customer_138,booking_186,Gurgaon,India,Frankfurt am Main,Germany,2021-03-18T17:18:40Z,IOS,10.462554618522624,GOIBIBO,1.0,2.0794415416798357,6114.5
60,customer_26,booking_110,Thiruvananthapuram,India,Frankfurt am Main,Germany,2022-01-14T14:46:21Z,Desktop,10.754031567030818,GOIBIBO,1.0,2.1972245773362196,7740.7
61,customer_131,booking_71,Devanhalli,India,Mumbai,India,2021-09-21T12:11:16Z,Android,8.419448049496362,GOIBIBO,1.0,2.833213344056216,833.7
62,customer_207,booking_214,Gurgaon,India,Floris,USA,2018-10-14T14:56:27Z,Desktop,10.471320912124039,YATRA,1.0,1.0986122886681098,9000.0
63,customer_280,booking_100,Gurgaon,India,Paris,France,2021-07-01T09:22:13Z,IOS,10.215696370164505,GOIBIBO,1.0,3.4339872044851463,6583.3
64,customer_184,booking_293,New Delhi,India,Milan,Italy,2018-10-06T02:06:14Z,Android,9.95231581121805,YATRA,1.0,0.0,6321.1
65,customer_246,booking_25,Delhi,India,Paris,France,2022-05-25T11:55:16Z,IOS,10.41078696652556,GOIBIBO,1.0,2.1972245773362196,6585.3
66,customer_72,booking_256,Gurgaon,India,Vizzola Ticino,Italy,2019-12-13T18:59:13Z,Android,10.224207804064706,GOIBIBO,1.0,2.0794415416798357,6358.7
67,customer_251,booking_204,Delhi,India,Vizzola Ticino,Italy,2018-10-22T13:35:48Z,Desktop,9.991461799151315,YATRA,1.0,1.6094379124341003,6362.0
68,customer_82,booking_72,Chennai,India,Roissy-en-France,France,2021-05-18T13:17:38Z,Android,9.979225623927299,GOIBIBO,1.0,2.4849066497880004,8023.8
69,customer_208,booking_33,Mumbai,India,Old Goa,India,2020-02-14T15:01:05Z,IOS,8.388225085429545,GOIBIBO,1.0,0.0,420.7
70,customer_56,booking_236,Gurgaon,India,Mumbai,India,2019-12-20T15:56:47Z,Android,8.83950854776237,GOIBIBO,1.0,0.0,1125.8
72,customer_292,booking_196,Gurgaon,India,Kochi,India,2020-02-07T10:27:20Z,Desktop,8.829065311169218,MMT,1.0,1.9459101490553132,2060.9
73,customer_215,booking_146,Mumbai,India,Gurgaon,India,2021-01-05T18:33:31Z,Desktop,8.259740246649505,MMT,1.0,1.791759469228055,1125.5
74,customer_284,booking_329,Pune,India,Gurgaon,India,2021-01-14T19:29:52Z,Desktop,8.426732235099744,MMT,1.0,1.791759469228055,1151.5
75,customer_146,booking_86,Gurgaon,India,Fiumicino,Italy,2020-02-11T14:42:36Z,Android,10.286488895660003,YATRA,1.0,2.5649493574615367,6076.8
76,customer_59,booking_43,Kolkata,India,Kathmandu,Nepal,2020-02-08T18:16:26Z,MobileWeb,9.157783121237507,YATRA,1.0,3.1780538303479458,648.3
77,customer_129,booking_246,Gurgaon,India,Vizzola Ticino,Italy,2019-12-13T11:56:21Z,IOS,10.893861113390775,GOIBIBO,2.0,1.791759469228055,6358.7
78,customer_243,booking_225,Chicalim,India,Roissy-en-France,France,2020-03-20T09:58:05Z,Desktop,11.265233040734605,GOIBIBO,1.0,0.0,7680.4
79,customer_116,booking_137,Ahmedabad,India,Frankfurt am Main,Germany,2019-10-07T15:49:42Z,Desktop,10.094636697932762,GOIBIBO,1.0,2.0794415416798357,6454.6
80,customer_97,booking_257,Dharamsala,India,Gurgaon,India,2021-10-10T13:01:00Z,IOS,8.833929084258756,GOIBIBO,1.0,1.0986122886681098,416.6
81,customer_176,booking_2,Barelā,India,Gurgaon,India,2022-01-12T15:36:09Z,IOS,9.477860552604012,GOIBIBO,3.0,1.0986122886681098,666.7
82,customer_234,booking_294,Delhi,India,New York,USA,2018-11-17T15:58:52Z,IOS,9.64988479373721,MMT,1.0,3.091042453358316,9000.0
83,customer_279,booking_305,Mumbai,India,Istanbul,Turkey,2020-02-13T09:29:18Z,IOS,10.019781034914207,GOIBIBO,1.0,2.8903717578961645,4882.1
84,customer_101,booking_63,Gurgaon,India,Varanasi,India,2021-12-31T09:39:33Z,IOS,8.707917677834908,GOIBIBO,1.0,2.4849066497880004,687.6
85,customer_155,booking_261,Jaipur,India,Agra,India,2020-01-24T08:28:21Z,IOS,7.60489448081162,GOIBIBO,1.0,2.3978952727983707,222.7
86,customer_37,booking_169,Gurgaon,India,Agartala,India,2022-01-05T21:47:05Z,Android,8.986752972175806,GOIBIBO,1.0,1.0986122886681098,1501.4
87,customer_73,booking_10,Gurgaon,India,Agartala,India,2022-03-09T22:26:56Z,IOS,8.99605744909417,GOIBIBO,1.0,1.0986122886681098,1501.4
88,customer_201,booking_288,Thrissur,India,Trivandrum,India,2019-12-20T13:36:57Z,IOS,9.47176727417998,GOIBIBO,3.0,0.0,237.8
89,customer_44,booking_69,Gurgaon,India,Amritsar,India,2021-09-28T18:55:25Z,Android,8.45531778769815,GOIBIBO,1.0,1.0986122886681098,414.6
90,customer_202,booking_272,Gurgaon,India,Ahmedabad,India,2020-02-07T10:53:55Z,Desktop,8.91222944086173,GOIBIBO,1.0,2.1972245773362196,747.8
91,customer_95,booking_245,Mumbai,India,Gurgaon,India,2020-01-07T19:26:11Z,Desktop,8.861293403772818,GOIBIBO,1.0,1.0986122886681098,1125.8
92,customer_177,booking_259,Chennai,India,Frankfurt am Main,Germany,2021-11-15T19:24:40Z,IOS,10.211442729827464,GOIBIBO,1.0,2.5649493574615367,7586.2
93,customer_165,booking_167,Gurgaon,India,Lisbon,Portugal,2021-10-02T23:28:29Z,Android,11.176534825019916,GOIBIBO,2.0,4.574710978503383,7770.2
94,customer_262,booking_95,Ahmedabad,India,Old Goa,India,2021-01-07T05:25:37Z,Desktop,8.273668345410162,MMT,1.0,3.8918202981106265,858.3
95,customer_122,booking_338,New Delhi,India,Geneva,Switzerland,2018-12-21T20:47:44Z,IOS,11.01133704655672,YATRA,2.0,3.784189633918261,6574.0
96,customer_55,booking_94,Mumbai,India,London,United Kingdom,2018-10-08T16:58:22Z,Tablet,9.88542642794345,YATRA,1.0,0.6931471805599453,7544.3
97,customer_142,booking_325,Gurgaon,India,Frankfurt am Main,Germany,2021-08-04T08:49:05Z,Android,10.571624570091906,GOIBIBO,1.0,3.4011973816621555,6112.5
98,customer_298,booking_290,Devanhalli,India,Frankfurt am Main,Germany,2019-09-13T13:16:24Z,Android,10.213997084627279,GOIBIBO,1.0,2.6390573296152584,7712.0
99,customer_121,booking_21,Delhi,India,Fiumicino,Italy,2018-10-02T09:43:04Z,Desktop,9.939819481783518,YATRA,1.0,1.0986122886681098,6082.6
100,customer_282,booking_189,Mumbai,India,Old Goa,India,2021-09-04T02:13:37Z,IOS,8.437283808187935,GOIBIBO,1.0,0.0,425.1
101,customer_97,booking_143,Delhi,India,Shimla,India,2021-09-13T11:40:31Z,MobileWeb,8.488135063816225,GOIBIBO,1.0,2.302585092994046,401.3
102,customer_140,booking_284,Gurgaon,India,Paris,France,2020-03-19T01:35:22Z,Desktop,10.802363523889646,GOIBIBO,1.0,0.0,6869.5
103,customer_112,booking_244,Chennai,India,Nice,France,2019-12-30T05:50:45Z,Android,10.63931100737651,GOIBIBO,1.0,2.1972245773362196,7911.7
104,customer_263,booking_50,Chennai,India,Paris,France,2021-09-10T03:46:34Z,MobileWeb,11.067438042512373,GOIBIBO,4.0,3.1780538303479458,8036.0
105,customer_233,booking_233,Gurgaon,India,Paris,France,2019-07-25T09:57:09Z,IOS,10.153467757803897,GOIBIBO,1.0,1.9459101490553132,6869.5
106,customer_219,booking_335,Gurgaon,India,Frankfurt am Main,Germany,2021-10-10T18:38:50Z,Desktop,11.512925464970229,GOIBIBO,2.0,4.736198448394496,6112.5
107,customer_11,booking_331,Bālāpur,India,Frankfurt am Main,Germany,2021-10-07T17:20:42Z,Desktop,10.694088069244787,GOIBIBO,1.0,3.367295829986474,7109.2
108,customer_283,booking_220,Delhi,India,Milan,Italy,2018-10-14T14:51:03Z,Desktop,10.011480600039322,YATRA,1.0,2.5649493574615367,6320.2
109,customer_297,booking_29,Gurgaon,India,Tiruchi,India,2020-03-10T11:20:58Z,Android,8.521025837436413,YATRA,1.0,0.6931471805599453,1970.8
110,customer_9,booking_303,Gurgaon,India,Guwahati,India,2020-03-02T11:44:43Z,IOS,8.88649211654034,YATRA,1.0,2.3978952727983707,1476.4
111,customer_144,booking_296,Surat,India,Bengaluru,India,2020-02-09T16:50:05Z,Desktop,9.012962028548,GOIBIBO,1.0,0.0,1022.5
112,customer_118,booking_38,Rāja Sānsi,India,Fiumicino,Italy,2018-09-25T16:24:12Z,Desktop,10.20356251491787,YATRA,1.0,1.0986122886681098,5686.1
113,customer_235,booking_26,Gurgaon,India,Bhubaneswar,India,2020-03-19T09:15:19Z,Android,8.774498527209301,GOIBIBO,1.0,0.6931471805599453,1274.7
114,customer_254,booking_295,Gurgaon,India,Paris,France,2020-01-01T18:46:38Z,Android,10.143543283314271,GOIBIBO,1.0,1.791759469228055,6869.5
115,customer_58,booking_283,Gurgaon,India,Mohali,India,2021-06-01T07:52:49Z,Desktop,8.157313116528556,GOIBIBO,1.0,1.0986122886681098,248.6
116,customer_160,booking_313,Mumbai,India,Lucknow,India,2020-01-28T16:47:01Z,Desktop,9.152917805603966,MMT,1.0,1.0986122886681098,1193.1
117,customer_130,booking_31,Gurgaon,India,Prague,Czechia,2019-07-08T21:10:44Z,Desktop,10.393195765056198,YATRA,1.0,3.713572066704308,5901.3
118,customer_224,booking_271,Gurgaon,India,Berlin,Germany,2019-08-31T07:30:27Z,Desktop,10.403049984023408,YATRA,1.0,2.70805020110221,6008.3
119,customer_260,booking_149,Gurgaon,India,Paris,France,2022-03-04T11:08:26Z,Android,10.074073853111662,GOIBIBO,1.0,3.295836866004329,6583.3
120,customer_204,booking_255,Gurgaon,India,Amritsar,India,2022-02-03T15:40:46Z,MobileWeb,7.839289240268986,GOIBIBO,1.0,2.8903717578961645,403.9
121,customer_294,booking_217,Gurgaon,India,Frankfurt am Main,Germany,2021-09-02T07:56:26Z,Android,11.272175959406004,GOIBIBO,1.0,1.791759469228055,6112.5
122,customer_15,booking_168,Gannavaram,India,Hyderabad,India,2019-12-17T11:14:35Z,Android,7.81083918336901,GOIBIBO,1.0,3.332204510175204,261.5
123,customer_30,booking_62,Mumbai,India,Gurgaon,India,2020-02-22T13:24:21Z,Android,7.657660793360692,GOIBIBO,1.0,3.8918202981106265,1125.8
124,customer_124,booking_327,Gurgaon,India,Dubai,United Arab Emirates,2022-06-04T16:38:50Z,IOS,10.319981287814759,GOIBIBO,2.0,2.1972245773362196,2188.9
125,customer_46,booking_219,Kochi,India,Frankfurt am Main,Germany,2022-02-21T17:14:02Z,Desktop,10.199435369404942,GOIBIBO,1.0,4.634728988229636,7576.1
126,customer_293,booking_139,Mumbai,India,Gurgaon,India,2021-04-13T18:24:24Z,Desktop,8.497004769710964,MMT,1.0,2.1972245773362196,1125.5
127,customer_93,booking_277,Bālāpur,India,Düsseldorf,Germany,2019-12-08T11:22:11Z,IOS,10.690471100098938,YATRA,1.0,4.718498871295094,7591.8
128,customer_264,booking_55,Chennai,India,Paris,France,2019-11-14T22:23:48Z,Desktop,10.091758045932494,GOIBIBO,1.0,1.791759469228055,8427.4
129,customer_96,booking_312,Mumbai,India,Kolkata,India,2020-01-16T22:36:23Z,IOS,9.754151928366639,GOIBIBO,2.0,3.6635616461296463,1666.2
131,customer_81,booking_32,Gurgaon,India,Frankfurt am Main,Germany,2020-01-29T16:54:24Z,Android,10.238129543851187,YATRA,1.0,4.1588830833596715,6355.5
132,customer_186,booking_250,Mumbai,India,Ikeja,Nigeria,2020-02-04T18:43:47Z,IOS,10.138433184502624,GOIBIBO,1.0,2.0794415416798357,7666.5
133,customer_221,booking_164,Chennai,India,Frankfurt am Main,Germany,2021-08-22T18:12:36Z,Desktop,10.910539953588133,GOIBIBO,1.0,1.791759469228055,7586.2
134,customer_171,booking_201,Delhi,India,Rome,Italy,2018-11-16T18:50:06Z,MobileWeb,9.94270826568941,YATRA,1.0,2.70805020110221,6059.1
135,customer_20,booking_185,Gurgaon,India,Mérignac,France,2019-12-05T16:52:57Z,Desktop,11.060154889983947,YATRA,1.0,4.543294782270004,7163.7
136,customer_154,booking_147,Hyderābād,India,Dubai,United Arab Emirates,2018-09-11T14:03:16Z,Desktop,10.592365633443865,YATRA,1.0,0.0,2555.1
137,customer_187,booking_318,Delhi,India,Lucknow,India,2022-05-07T01:58:03Z,MobileWeb,8.627947136350771,GOIBIBO,1.0,2.9444389791664403,415.7
138,customer_100,booking_300,Hyderabad,India,London,United Kingdom,2022-02-16T19:28:13Z,IOS,10.708837785115566,GOIBIBO,1.0,3.258096538021482,7721.7
139,customer_249,booking_268,Gurgaon,India,Darjeeling ,India,2020-01-02T03:29:17Z,IOS,8.38022733634308,GOIBIBO,1.0,3.58351893845611,1129.4
140,customer_265,booking_124,Gurgaon,India,Roissy-en-France,France,2019-12-23T08:27:51Z,Android,10.088804618309881,GOIBIBO,1.0,1.9459101490553132,6854.8
141,customer_115,booking_323,Devanhalli,India,Amsterdam,Netherlands,2020-01-24T10:41:41Z,Android,10.346154670920653,GOIBIBO,1.0,1.791759469228055,8077.8
142,customer_6,booking_4,Chicalim,India,Mumbai,India,2020-01-15T20:52:32Z,MobileWeb,9.13923097651747,MMT,4.0,4.07753744390572,420.7
143,customer_159,booking_287,Gurgaon,India,Reggio Calabria,Italy,2019-11-09T13:52:31Z,Android,10.348711690417641,YATRA,1.0,3.1354942159291497,5804.1
144,customer_104,booking_224,Hyderabad,India,Madrid,Spain,2020-02-13T13:16:21Z,Android,10.173514689749188,YATRA,1.0,2.6390573296152584,8400.3
145,customer_246,booking_263,Gurgaon,India,Roissy-en-France,France,2021-11-28T12:49:57Z,IOS,10.68700546114212,GOIBIBO,1.0,1.3862943611198906,6564.2
146,customer_65,booking_20,Gurgaon,India,Amritsar,India,2020-01-31T23:33:13Z,Android,8.287629072299104,GOIBIBO,1.0,1.0986122886681098,421.0
147,customer_175,booking_85,Devanhalli,India,Frankfurt am Main,Germany,2021-03-31T15:01:05Z,IOS,9.639886523590642,GOIBIBO,1.0,3.2188758248682006,7391.4
148,customer_34,booking_35,Gurgaon,India,Frankfurt am Main,Germany,2020-09-24T06:59:37Z,IOS,10.174887792413626,YATRA,1.0,2.772588722239781,6114.5
149,customer_232,booking_317,Delhi,India,Naples,Italy,2018-10-20T16:50:07Z,Desktop,10.098560793255245,YATRA,1.0,1.791759469228055,5911.6
150,customer_255,booking_291,Gurgaon,India,Darjeeling ,India,2020-10-20T13:03:14Z,Android,8.244018706496464,MMT,1.0,0.0,1128.9
151,customer_230,booking_322,Gurgaon,India,Hamburg,Germany,2020-01-27T18:42:32Z,IOS,11.055905975762766,YATRA,2.0,3.6635616461296463,6277.5
152,customer_278,booking_227,Mumbai,India,Frankfurt am Main,Germany,2020-03-18T17:02:21Z,IOS,10.007883603247125,GOIBIBO,1.0,1.6094379124341003,6815.2
153,customer_77,booking_107,Varanasi,India,Pune,India,2021-06-26T22:24:21Z,Desktop,9.288862231438445,GOIBIBO,1.0,2.0794415416798357,1208.9
154,customer_94,booking_316,Devanhalli,India,Gurgaon,India,2020-02-25T07:32:40Z,IOS,8.863332833439587,GOIBIBO,1.0,2.4849066497880004,1694.7
155,customer_0,booking_125,Patna,India,Gurgaon,India,2020-01-28T10:03:24Z,IOS,8.821854792320918,GOIBIBO,1.0,0.0,862.3
156,customer_296,booking_59,Rāja Sānsi,India,Fiumicino,Italy,2018-10-04T15:14:21Z,Desktop,10.797254518171403,YATRA,2.0,2.833213344056216,5686.1
157,customer_38,booking_183,Bangalore,India,Roissy-en-France,France,2019-11-12T22:45:37Z,Desktop,10.796075581697416,YATRA,1.0,3.5553480614894135,8201.9
158,customer_143,booking_117,Thiruvananthapuram,India,Berlin,Germany,2019-11-20T16:54:39Z,Desktop,10.659459286229309,GOIBIBO,1.0,2.833213344056216,7811.0
159,customer_60,booking_39,Gurgaon,India,Venice,Italy,2019-12-17T11:22:47Z,IOS,10.05788962933195,YATRA,1.0,3.58351893845611,6051.5
160,customer_258,booking_152,Pune,India,Varanasi,India,2020-12-23T21:02:59Z,Desktop,9.410285713523686,MMT,2.0,1.3862943611198906,1208.9
161,customer_16,booking_108,Delhi,India,Bengaluru,India,2020-01-30T12:08:07Z,MobileWeb,8.761597130506736,MMT,1.0,2.1972245773362196,1715.5
162,customer_237,booking_140,Kochi,India,London,United Kingdom,2021-11-27T16:27:31Z,IOS,11.04783470778117,GOIBIBO,1.0,2.995732273553991,8203.4
163,customer_137,booking_190,Gurgaon,India,Amritsar,India,2020-01-26T13:38:44Z,IOS,9.400497814537912,GOIBIBO,1.0,0.0,421.0
164,customer_195,booking_104,Delhi,India,Calgary,Canada,2018-10-04T15:09:59Z,Desktop,10.852888056044193,YATRA,1.0,0.0,9000.0
165,customer_74,booking_64,Delhi,India,Hyderabad,India,2021-10-20T22:37:14Z,MobileWeb,8.143459281469527,GOIBIBO,1.0,3.7612001156935624,1275.5
166,customer_41,booking_153,Jaipur,India,Gurgaon,India,2021-02-23T19:36:09Z,Desktop,8.226669752770714,GOIBIBO,1.0,1.6094379124341003,210.3
167,customer_164,booking_229,Chennai,India,Fiumicino,Italy,2019-07-29T11:23:06Z,Android,10.287388482728453,GOIBIBO,1.0,3.784189633918261,7434.9
168,customer_148,booking_111,Rāja Sānsi,India,Fiumicino,Italy,2018-10-06T12:29:44Z,Desktop,10.132501837322065,YATRA,1.0,0.0,5686.1
169,customer_75,booking_67,Gurgaon,India,Old Goa,India,2022-05-12T13:08:26Z,IOS,9.808297365532379,GOIBIBO,2.0,3.367295829986474,1503.1
170,customer_185,booking_200,Gurgaon,India,Munich,Germany,2019-10-17T21:18:47Z,Android,9.968950802230424,YATRA,1.0,1.6094379124341003,6116.3
171,customer_48,booking_36,Delhi,India,Amsterdam,Netherlands,2019-01-03T18:15:21Z,Desktop,11.273245945015919,YATRA,2.0,4.709530201312334,6659.8
172,customer_246,booking_177,Gurgaon,India,Lisbon,Portugal,2021-07-24T18:33:59Z,IOS,11.347786635942592,GOIBIBO,2.0,0.6931471805599453,7767.7
173,customer_176,booking_297,Gurgaon,India,Jabalpur,India,2021-12-16T21:22:43Z,IOS,9.305795995748475,GOIBIBO,2.0,2.3978952727983707,666.7
174,customer_286,booking_306,Mumbai,India,Gurgaon,India,2021-01-29T20:15:25Z,Desktop,8.38632567608933,MMT,1.0,2.4849066497880004,1125.5
175,customer_200,booking_113,Delhi,India,Varanasi,India,2020-11-08T20:58:25Z,Desktop,7.950713903459412,YATRA,1.0,2.1972245773362196,682.4
176,customer_76,booking_65,New Delhi,India,Milan,Italy,2018-09-21T16:29:59Z,Tablet,9.97811253387471,YATRA,1.0,3.367295829986474,6321.1
177,customer_83,booking_228,Rāja Sānsi,India,Gurgaon,India,2022-02-14T16:28:39Z,IOS,8.604324561206443,GOIBIBO,1.0,2.0794415416798357,414.6
178,customer_225,booking_15,Gurgaon,India,Patiala,India,2020-01-06T21:13:22Z,IOS,7.370230641807081,GOIBIBO,1.0,1.0986122886681098,277.7
179,customer_113,booking_127,Gurgaon,India,Chandigarh,India,2021-03-30T17:44:53Z,Desktop,8.058327306580958,GOIBIBO,1.0,3.2188758248682006,254.1
180,customer_135,booking_13,Madhyamgram,India,Aizawl,India,2021-12-09T20:25:14Z,Desktop,8.439707212524391,GOIBIBO,1.0,1.9459101490553132,460.4
181,customer_85,booking_102,Gurgaon,India,Dehradun,India,2021-10-28T11:55:27Z,IOS,8.277920258172143,GOIBIBO,1.0,1.6094379124341003,206.8
182,customer_199,booking_44,Gurgaon,India,Malé,Maldives,2020-11-03T11:40:07Z,Desktop,9.199448267793695,MMT,1.0,0.0,2725.9
183,customer_50,booking_28,Ahmedabad,India,Gurgaon,India,2020-02-05T16:08:14Z,Desktop,7.999749046815229,MMT,1.0,2.0794415416798357,747.8
184,customer_223,booking_270,Delhi,India,Brussels,Belgium,2020-03-16T08:28:29Z,MobileWeb,10.33798446320447,GOIBIBO,1.0,0.0,6701.5
185,customer_220,booking_178,Delhi,India,Lucknow,India,2020-10-02T10:30:58Z,IOS,8.81022095019277,YATRA,2.0,1.0986122886681098,415.7
186,customer_63,booking_1,Mumbai,India,Frankfurt am Main,Germany,2019-09-05T09:08:02Z,Android,10.667987484541316,GOIBIBO,1.0,0.0,6815.2
187,customer_36,booking_52,Rāja Sānsi,India,Fiumicino,Italy,2018-11-09T12:05:58Z,Desktop,11.212458006692048,YATRA,3.0,2.1972245773362196,5686.1
188,customer_57,booking_84,Gurgaon,India,Fiumicino,Italy,2018-10-09T20:39:45Z,Desktop,10.01037590046361,YATRA,1.0,1.0986122886681098,6076.8
189,customer_162,booking_279,Gurgaon,India,Frankfurt am Main,Germany,2019-09-01T21:20:47Z,Desktop,11.512925464970229,GOIBIBO,2.0,4.219507705176107,6355.5
190,customer_120,booking_151,Delhi,India,Jammu,India,2020-02-03T13:56:36Z,Desktop,8.434854516693049,MMT,1.0,0.0,506.9
191,customer_120,booking_299,Jammu,India,Dubai,United Arab Emirates,2020-02-13T18:16:04Z,Desktop,9.726376199029403,YATRA,1.0,1.6094379124341003,2076.5
192,customer_213,booking_0,Delhi,India,Kolkata,India,2021-12-09T19:47:40Z,Desktop,9.05550946084406,GOIBIBO,1.0,1.6094379124341003,1306.4
193,customer_218,booking_203,Gurgaon,India,Roissy-en-France,France,2022-03-15T19:58:39Z,IOS,11.512925464970229,GOIBIBO,2.0,2.9444389791664403,6564.2
194,customer_266,booking_211,Gurgaon,India,Amritsar,India,2019-12-07T15:53:51Z,Android,8.321852046413971,GOIBIBO,1.0,1.0986122886681098,421.0
195,customer_1,booking_115,Gurgaon,India,Guwahati,India,2020-03-02T11:50:51Z,IOS,8.88649211654034,YATRA,1.0,2.3978952727983707,1476.4
196,customer_289,booking_75,Rāja Sānsi,India,Fiumicino,Italy,2018-09-25T16:19:23Z,Desktop,10.85866047873407,YATRA,2.0,1.0986122886681098,5686.1
197,customer_12,booking_334,Surat,India,Frankfurt am Main,Germany,2021-09-12T17:03:25Z,IOS,10.440682431322188,GOIBIBO,1.0,3.4965075614664802,6394.6
198,customer_84,booking_22,Gurgaon,India,Berlin,Germany,2020-03-08T12:22:28Z,Desktop,9.986835560910686,YATRA,1.0,3.367295829986474,6008.3
199,customer_198,booking_53,Gurgaon,India,Mohali,India,2020-12-03T10:26:01Z,Android,8.998631198287637,MMT,2.0,0.0,248.6
200,customer_160,booking_122,Patna,India,Gurgaon,India,2020-01-28T18:27:20Z,Desktop,8.770300899697867,MMT,1.0,0.0,862.3
201,customer_276,booking_234,Gurgaon,India,Berlin,Germany,2019-11-30T11:13:57Z,Desktop,10.442037286816879,YATRA,1.0,4.007333185232471,6008.3
202,customer_277,booking_45,Gurgaon,India,Barcelona,Spain,2020-02-07T17:48:16Z,MobileWeb,10.275078694795015,YATRA,1.0,1.791759469228055,6975.4
203,customer_8,booking_269,Gurgaon,India,Chennai,India,2020-01-31T06:33:08Z,IOS,8.997741034537643,GOIBIBO,1.0,1.3862943611198906,1742.4
204,customer_13,booking_89,Surat,India,Bengaluru,India,2020-02-09T16:55:36Z,Desktop,9.012962028548,YATRA,1.0,0.0,1022.5
205,customer_231,booking_202,Surat,India,Bengaluru,India,2020-02-09T16:52:56Z,Desktop,9.012962028548,YATRA,1.0,0.0,1022.5
206,customer_301,booking_19,Devanhalli,India,Frankfurt am Main,Germany,2018-11-23T19:18:51Z,Desktop,10.28526088038745,YATRA,1.0,4.61512051684126,7712.0
207,customer_305,booking_324,Gurgaon,India,Paris,France,2020-01-18T05:57:50Z,IOS,10.03661886513931,GOIBIBO,1.0,0.0,6869.5
208,customer_64,booking_302,Bālāpur,India,Milan,Italy,2022-02-28T06:49:52Z,Desktop,10.501312553219748,GOIBIBO,1.0,1.791759469228055,7043.5
209,customer_156,booking_11,Ahmedabad,India,London,United Kingdom,2021-10-08T11:47:21Z,IOS,10.29672419681562,GOIBIBO,1.0,1.3862943611198906,6866.2
210,customer_123,booking_73,Mumbai,India,Milan,Italy,2018-11-16T18:54:53Z,Android,10.0519075576544,YATRA,1.0,0.0,6668.9
211,customer_217,booking_194,Durlaga,India,Bhubaneswar,India,2021-09-10T19:12:36Z,Desktop,7.685243607975833,GOIBIBO,1.0,4.02535169073515,260.5
213,customer_98,booking_79,Gurgaon,India,Munich,Germany,2020-02-06T16:41:25Z,Desktop,10.362531341545521,YATRA,1.0,0.6931471805599453,6116.3
214,customer_71,booking_150,Devanhalli,India,Frankfurt am Main,Germany,2019-10-17T14:23:52Z,Desktop,10.2477578763161,GOIBIBO,1.0,3.9318256327243257,7712.0
215,customer_166,booking_182,Devanhalli,India,Frankfurt am Main,Germany,2021-06-26T08:58:06Z,Desktop,10.148596097428847,GOIBIBO,1.0,0.0,7394.2
216,customer_3,booking_80,Devanhalli,India,Roissy-en-France,France,2021-10-24T15:03:50Z,Android,10.297397152182587,GOIBIBO,1.0,3.58351893845611,7822.2
217,customer_44,booking_130,Gurgaon,India,Amritsar,India,2021-09-20T19:18:18Z,Android,7.763701349847173,GOIBIBO,1.0,3.4011973816621555,414.6
218,customer_212,booking_193,Ranchi,India,Mumbai,India,2021-01-04T15:39:40Z,Desktop,9.733273206776824,MMT,2.0,0.0,1374.8
219,customer_125,booking_30,Gurgaon,India,Ranchi,India,2020-02-03T14:38:24Z,MobileWeb,8.109886388428702,MMT,1.0,2.6390573296152584,1006.6
220,customer_167,booking_307,Gurgaon,India,Rome,Italy,2018-12-25T13:41:56Z,Desktop,11.11137269368198,YATRA,4.0,1.0986122886681098,6053.3
221,customer_110,booking_232,Devanhalli,India,Dubai,United Arab Emirates,2020-11-03T16:08:42Z,Desktop,9.88353583412642,YATRA,1.0,0.6931471805599453,2698.1
222,customer_24,booking_144,Madhyamgram,India,Rozenburg,Netherlands,2019-12-23T15:30:30Z,Desktop,10.953819547029006,GOIBIBO,1.0,2.70805020110221,8086.1
223,customer_205,booking_321,Hyderabad,India,Frankfurt am Main,Germany,2020-02-11T11:35:09Z,Desktop,10.985428306916265,GOIBIBO,2.0,4.02535169073515,7408.9
224,customer_216,booking_128,Kochi,India,Hamburg,Germany,2020-02-19T22:18:08Z,MobileWeb,11.189453161859214,YATRA,2.0,4.007333185232471,7922.8
225,customer_240,booking_311,Gurgaon,India,Frankfurt am Main,Germany,2020-02-29T08:36:47Z,IOS,10.295880929954071,GOIBIBO,1.0,0.0,6355.5
226,customer_270,booking_166,Varanasi,India,Pune,India,2021-06-27T18:04:19Z,Desktop,9.369711402033323,GOIBIBO,1.0,1.9459101490553132,1208.9
227,customer_144,booking_173,Ahmedabad,India,Gwalior,India,2020-02-07T17:54:36Z,Desktop,9.735391925656131,GOIBIBO,1.0,0.6931471805599453,664.7
228,customer_253,booking_170,Madhyamgram,India,Frankfurt am Main,Germany,2021-11-18T13:39:37Z,Desktop,10.55431161244955,GOIBIBO,1.0,3.4011973816621555,7389.7
229,customer_2,booking_298,Kochi,India,Frankfurt am Main,Germany,2019-10-03T09:11:14Z,Desktop,10.097902357017466,GOIBIBO,1.0,1.3862943611198906,7891.8
231,customer_97,booking_68,Gurgaon,India,Paris,France,2022-06-29T09:15:16Z,IOS,10.412543611545521,MMT,1.0,4.477336814478207,6583.3
232,customer_105,booking_231,Angamāli,India,Frankfurt am Main,Germany,2021-12-11T18:40:09Z,IOS,11.512925464970229,GOIBIBO,2.0,2.5649493574615367,7561.5
233,customer_149,booking_126,Devanhalli,India,Oberding,Germany,2020-01-04T03:22:16Z,IOS,10.633737821047575,YATRA,1.0,1.791759469228055,7402.5
234,customer_127,booking_282,Chennai,India,London,United Kingdom,2020-01-20T17:19:18Z,Desktop,11.512925464970229,YATRA,2.0,4.672828834461906,8681.2
235,customer_170,booking_273,Mumbai,India,Gurgaon,India,2020-02-22T16:49:11Z,Desktop,7.642428206370581,MMT,1.0,2.1972245773362196,1125.8
236,customer_180,booking_70,Rāja Sānsi,India,Fiumicino,Italy,2018-10-13T11:18:13Z,Desktop,10.132056360495403,YATRA,1.0,0.0,5686.1
237,customer_242,booking_265,Mumbai,India,Roissy-en-France,France,2018-09-21T16:47:29Z,MobileWeb,9.706206660747645,YATRA,1.0,1.791759469228055,7288.0
238,customer_51,booking_213,Gurgaon,India,Berlin,Germany,2019-12-29T12:54:25Z,Desktop,10.104728994182594,GOIBIBO,1.0,3.784189633918261,6008.3
239,customer_157,booking_51,Gurgaon,India,Frankfurt am Main,Germany,2019-12-16T16:58:53Z,Android,10.624677824120717,GOIBIBO,1.0,3.9512437185814275,6355.5
240,customer_145,booking_98,Gurgaon,India,Bengaluru,India,2020-03-05T03:24:13Z,IOS,9.050154014034577,YATRA,1.0,0.0,1723.2
241,customer_70,booking_274,Devanhalli,India,Kolkata,India,2020-09-03T13:42:50Z,Android,7.245940333607025,GOIBIBO,1.0,1.0986122886681098,1547.2
242,customer_80,booking_315,New Delhi,India,Amritsar,India,2018-10-09T18:00:36Z,Desktop,8.601534339849989,YATRA,2.0,2.8903717578961645,414.6
243,customer_256,booking_16,Gurgaon,India,Madrid,Spain,2019-10-06T09:57:55Z,IOS,10.019455608780062,YATRA,1.0,2.1972245773362196,7521.8
244,customer_35,booking_40,Delhi,India,Varanasi,India,2020-11-08T01:16:17Z,Desktop,8.057567524348638,YATRA,1.0,2.0794415416798357,682.4
245,customer_273,booking_260,Devanhalli,India,Frankfurt am Main,Germany,2022-07-01T08:28:24Z,IOS,10.495465422056714,GOIBIBO,1.0,2.772588722239781,7394.2
246,customer_172,booking_7,Gurgaon,India,Frankfurt am Main,Germany,2021-08-10T11:28:29Z,Desktop,11.512925464970229,GOIBIBO,2.0,3.091042453358316,6112.5
247,customer_102,booking_333,Rāja Sānsi,India,Frankfurt am Main,Germany,2021-04-15T12:22:18Z,Android,10.584278710886489,GOIBIBO,1.0,1.0986122886681098,5712.1
248,customer_257,booking_83,Gurgaon,India,Roissy-en-France,France,2021-10-26T15:30:09Z,MobileWeb,10.009539828872356,GOIBIBO,1.0,1.9459101490553132,6564.2
249,customer_168,booking_320,Chennai,India,Rozenburg,Netherlands,2021-12-03T07:04:34Z,Android,11.163458764821936,GOIBIBO,1.0,1.9459101490553132,7877.5
250,customer_27,booking_47,Gurgaon,India,Frankfurt am Main,Germany,2020-11-16T16:16:55Z,Android,10.107179135066275,YATRA,1.0,1.9459101490553132,6114.5
251,customer_29,booking_14,Bangalore,India,Munich,Germany,2020-02-27T07:33:56Z,MobileWeb,10.921814881967938,YATRA,1.0,3.6888794541139363,7433.2
252,customer_10,booking_191,Delhi,India,Vizzola Ticino,Italy,2018-09-23T08:01:12Z,MobileWeb,9.892952250620745,YATRA,1.0,2.0794415416798357,6362.0
253,customer_33,booking_198,Bikaner,India,Gurgaon,India,2021-03-14T05:54:13Z,IOS,9.202711344811691,GOIBIBO,2.0,0.0,367.5
254,customer_230,booking_3,Rāja Sānsi,India,Paris,France,2021-04-28T06:28:54Z,IOS,10.111281905303114,GOIBIBO,1.0,2.3978952727983707,6184.7
255,customer_244,booking_221,Gurgaon,India,London,United Kingdom,2021-12-30T09:36:14Z,MobileWeb,11.38959104887551,GOIBIBO,2.0,3.4965075614664802,6708.3
256,customer_67,booking_286,Devanhalli,India,Gurgaon,India,2020-10-15T14:51:12Z,Desktop,8.694775200946038,YATRA,1.0,0.6931471805599453,1694.7
257,customer_86,booking_142,Rāja Sānsi,India,Fiumicino,Italy,2018-12-01T20:01:36Z,Desktop,10.8389689597962,YATRA,2.0,0.0,5686.1
258,customer_17,booking_24,Mumbai,India,Berlin,Germany,2018-11-23T18:28:48Z,MobileWeb,11.348047166112934,YATRA,2.0,0.0,6527.2
259,customer_49,booking_34,Gurgaon,India,Roissy-en-France,France,2019-09-03T17:32:57Z,IOS,11.108260037032629,YATRA,1.0,1.0986122886681098,6854.8
260,customer_53,booking_155,Chennai,India,Paris,France,2021-12-23T17:36:19Z,Desktop,10.94461196133161,GOIBIBO,1.0,2.833213344056216,8036.0
261,customer_255,booking_145,Gurgaon,India,Darjeeling ,India,2020-10-08T16:09:48Z,Android,8.944184930068682,MMT,2.0,1.3862943611198906,1128.9
262,customer_302,booking_251,Madhyamgram,India,Kloten,Switzerland,2019-12-12T18:50:28Z,IOS,11.01172272571343,YATRA,1.0,1.0986122886681098,7772.0
263,customer_45,booking_337,Devanhalli,India,Frankfurt am Main,Germany,2020-02-26T15:51:08Z,Android,10.475031911336824,YATRA,1.0,2.8903717578961645,7712.0
264,customer_206,booking_254,Delhi,India,Paris,France,2018-11-12T14:04:00Z,Desktop,9.921961847008374,YATRA,1.0,2.70805020110221,6870.7
265,customer_134,booking_160,Ferokh,India,Dubai,United Arab Emirates,2018-10-17T18:45:04Z,Desktop,9.399183119510402,YATRA,1.0,0.0,2675.5
266,customer_19,booking_135,Gurgaon,India,Amritsar,India,2021-09-09T18:28:05Z,Desktop,8.454466361507933,GOIBIBO,1.0,0.6931471805599453,414.6
267,customer_291,booking_332,Gurgaon,India,Amritsar,India,2021-11-11T20:39:48Z,Android,8.760421683113714,GOIBIBO,1.0,0.6931471805599453,414.6
268,customer_88,booking_171,Bhubaneswar,India,Bengaluru,India,2019-11-29T07:57:13Z,IOS,8.823382935423759,GOIBIBO,1.0,0.6931471805599453,1167.5
269,customer_250,booking_247,Gurgaon,India,Hamburg,Germany,2020-07-21T16:34:39Z,IOS,10.444508669017143,MMT,1.0,3.4011973816621555,6008.2
270,customer_151,booking_308,Gurgaon,India,Valencia,Spain,2021-03-05T03:50:13Z,IOS,11.512925464970229,GOIBIBO,3.0,2.3978952727983707,7027.2
271,customer_97,booking_90,Gurgaon,India,Dharamsala,India,2022-02-25T09:09:13Z,IOS,8.542158937433985,GOIBIBO,1.0,2.6390573296152584,416.6
273,customer_288,booking_248,Gurgaon,India,Rome,Italy,2019-10-22T22:35:59Z,Android,10.736013993562198,YATRA,2.0,0.6931471805599453,6053.3
274,customer_155,booking_54,Gurgaon,India,Varanasi,India,2020-01-21T21:13:42Z,IOS,8.424024716523773,YATRA,1.0,1.791759469228055,688.7
275,customer_182,booking_210,Devanhalli,India,Chennai,India,2021-06-14T18:29:06Z,Desktop,9.204000316229983,GOIBIBO,1.0,2.772588722239781,279.7
276,customer_230,booking_61,Gurgaon,India,Paris,France,2022-05-22T09:22:02Z,IOS,10.964342590001271,GOIBIBO,3.0,2.8903717578961645,6583.3
277,customer_191,booking_112,Mumbai,India,Frankfurt am Main,Germany,2020-02-14T17:14:51Z,Desktop,10.233912972526742,GOIBIBO,1.0,4.219507705176107,6815.2
278,customer_158,booking_93,Gurgaon,India,Frankfurt am Main,Germany,2019-07-25T19:50:05Z,Desktop,11.512925464970229,GOIBIBO,2.0,3.367295829986474,6355.5
279,customer_87,booking_103,Agartala,India,Gurgaon,India,2022-01-17T19:13:01Z,IOS,8.987385552850933,GOIBIBO,1.0,0.0,1501.4
280,customer_196,booking_138,Lucknow,India,Frankfurt am Main,Germany,2020-11-13T18:41:19Z,Desktop,10.246311005984111,YATRA,1.0,2.1972245773362196,6516.2
281,customer_238,booking_180,Gurgaon,India,Frankfurt am Main,Germany,2022-02-22T08:56:26Z,IOS,10.466867675037008,GOIBIBO,2.0,3.1354942159291497,6121.0
282,customer_194,booking_57,Devanhalli,India,Frankfurt am Main,Germany,2022-04-18T18:08:57Z,IOS,11.505844453679677,MMT,2.0,4.394449154672439,7394.2
283,customer_31,booking_77,Rāja Sānsi,India,Roissy-en-France,France,2020-12-14T06:28:29Z,IOS,10.823738432661921,GOIBIBO,1.0,2.995732273553991,6169.6
284,customer_275,booking_252,Gurgaon,India,Schönefeld,Germany,2022-06-29T10:51:14Z,Android,10.427813633635937,GOIBIBO,1.0,1.3862943611198906,5771.1
285,customer_47,booking_264,Delhi,India,Naples,Italy,2018-10-18T16:09:48Z,Desktop,10.031564094477687,YATRA,1.0,2.1972245773362196,5911.6
286,customer_90,booking_118,Gurgaon,India,Warsaw,Poland,2019-12-10T20:26:45Z,Android,10.411362427120586,YATRA,1.0,3.6888794541139363,5433.3
287,customer_300,booking_243,Gurgaon,India,Ban Khlong Bang Sao Thong,Thailand,2020-01-27T10:34:07Z,IOS,8.931369579242272,MMT,1.0,2.302585092994046,2969.6
288,customer_181,booking_158,Ahmedabad,India,Gurgaon,India,2020-05-20T14:34:04Z,Android,7.744829628348725,MMT,1.0,2.70805020110221,747.6
289,customer_52,booking_242,Mumbai,India,Gurgaon,India,2021-01-28T20:24:52Z,Desktop,8.692584120128563,MMT,1.0,1.9459101490553132,1125.5
290,customer_69,booking_235,Gurgaon,India,Ranchi,India,2020-02-15T07:25:11Z,Desktop,8.753183469037081,MMT,1.0,1.0986122886681098,1006.6
291,customer_21,booking_17,Gurgaon,India,El Prat de Llobregat,Spain,2020-06-08T19:00:01Z,Android,10.356675588853301,GOIBIBO,1.0,3.295836866004329,6771.8
292,customer_152,booking_123,Gurgaon,India,Paris,France,2021-02-25T05:48:53Z,IOS,10.052321265169093,GOIBIBO,1.0,2.833213344056216,6585.2
293,customer_237,booking_172,Thiruvananthapuram,India,London,United Kingdom,2021-10-21T05:47:35Z,IOS,11.308356581436067,GOIBIBO,1.0,4.3694478524670215,8375.4
294,customer_28,booking_314,Madhyamgram,India,Frankfurt am Main,Germany,2022-06-01T16:12:55Z,Desktop,10.93426344360065,GOIBIBO,1.0,2.9444389791664403,7380.7
295,customer_265,booking_281,Gurgaon,India,Roissy-en-France,France,2019-12-21T15:15:03Z,Android,10.088804618309881,GOIBIBO,1.0,2.1972245773362196,6854.8
296,customer_239,booking_262,Gurgaon,India,Kolkata,India,2020-09-10T07:01:34Z,IOS,8.57386081817324,YATRA,1.0,1.0986122886681098,1312.1
297,customer_236,booking_60,Devanhalli,India,Frankfurt am Main,Germany,2019-09-23T10:34:00Z,Desktop,10.918283355111127,GOIBIBO,1.0,0.0,7712.0
298,customer_252,booking_199,Mumbai,India,Berlin,Germany,2020-11-18T12:28:13Z,Desktop,11.001699761182898,GOIBIBO,2.0,4.624972813284271,6286.5
299,customer_214,booking_207,Gurgaon,India,Berlin,Germany,2020-08-18T19:17:17Z,Android,10.236439313835392,GOIBIBO,1.0,2.833213344056216,5780.3
300,customer_200,booking_292,Varanasi,India,Delhi,India,2020-11-08T20:39:54Z,Desktop,7.937660369640456,MMT,1.0,2.1972245773362196,682.4
301,customer_189,booking_161,Mumbai,India,Gurgaon,India,2021-04-17T17:01:43Z,Desktop,8.503272750093489,MMT,1.0,2.3978952727983707,1125.5
302,customer_107,booking_276,Devanhalli,India,Kolkata,India,2021-02-02T18:42:26Z,Desktop,9.30883456832473,MMT,2.0,0.0,1531.5
303,customer_245,booking_27,Gurgaon,India,Mumbai,India,2020-01-28T14:16:19Z,Android,8.846102616219685,MMT,1.0,0.0,1125.8
304,customer_169,booking_267,Chennai,India,Madurai,India,2022-03-28T07:59:09Z,IOS,8.817594036275793,GOIBIBO,1.0,2.6390573296152584,422.5
305,customer_176,booking_174,Gurgaon,India,Frankfurt am Main,Germany,2021-11-02T14:54:40Z,Desktop,11.103235444475496,GOIBIBO,1.0,4.31748811353631,6112.5
306,customer_153,booking_175,Gurgaon,India,Agartala,India,2022-04-18T15:42:14Z,Android,9.391730661942429,GOIBIBO,1.0,1.0986122886681098,1501.4
307,customer_91,booking_266,Chennai,India,Roissy-en-France,France,2020-02-17T11:05:49Z,Android,10.677403331093624,GOIBIBO,2.0,4.343805421853684,8416.0
308,customer_163,booking_179,Rāja Sānsi,India,Gurgaon,India,2019-12-20T02:45:01Z,Android,8.86507438340649,GOIBIBO,2.0,3.1780538303479458,421.0
309,customer_281,booking_326,Chennai,India,Frankfurt am Main,Germany,2022-01-22T02:31:28Z,Desktop,10.897198479378416,GOIBIBO,1.0,1.3862943611198906,7586.2
310,customer_54,booking_49,Chennai,India,Roissy-en-France,France,2021-10-14T09:28:31Z,IOS,10.836407253525705,GOIBIBO,1.0,2.6390573296152584,8019.5
311,customer_126,booking_120,New Delhi,India,Manchester,United Kingdom,2018-12-18T23:02:22Z,IOS,9.851203767774905,YATRA,1.0,3.7376696182833684,7212.6
312,customer_4,booking_309,Delhi,India,Brussels,Belgium,2018-11-21T13:57:09Z,IOS,10.530964905606053,YATRA,2.0,2.1972245773362196,6701.5
313,customer_217,booking_162,Durlaga,India,Bhubaneswar,India,2021-09-10T21:30:45Z,Desktop,7.685243607975833,GOIBIBO,1.0,4.110873864173311,260.5
314,customer_192,booking_253,Mohali,India,Mumbai,India,2020-02-10T05:54:25Z,Android,9.94728431803451,MMT,3.0,2.302585092994046,1347.5
315,customer_136,booking_330,Gurgaon,India,Rome,Italy,2019-10-08T08:40:23Z,IOS,10.098429140686186,YATRA,1.0,0.6931471805599453,6053.3
316,customer_93,booking_223,Bālāpur,India,Düsseldorf,Germany,2019-12-08T11:33:11Z,IOS,10.6414933694043,YATRA,1.0,4.844187086458591,7591.8
317,customer_295,booking_304,Mumbai,India,Frankfurt am Main,Germany,2022-07-06T16:15:47Z,Desktop,11.336989874420569,GOIBIBO,2.0,3.828641396489095,6561.8
318,customer_190,booking_9,Angamāli,India,Newcastle upon Tyne,United Kingdom,2019-12-08T18:26:00Z,IOS,11.466107090545064,GOIBIBO,3.0,3.828641396489095,8843.6
319,customer_209,booking_92,Gurgaon,India,Paris,France,2021-04-09T12:37:45Z,Desktop,9.992925981850027,GOIBIBO,1.0,3.7612001156935624,6585.2
320,customer_226,booking_87,Bālāpur,India,Frankfurt am Main,Germany,2021-04-15T05:48:25Z,IOS,10.984682367167169,GOIBIBO,1.0,0.6931471805599453,7106.7
321,customer_297,booking_258,Gurgaon,India,Tiruchi,India,2020-03-16T23:54:50Z,Android,9.265661543564145,GOIBIBO,1.0,0.0,1970.8
322,customer_173,booking_205,Gurgaon,India,London,United Kingdom,2020-02-15T15:44:37Z,IOS,10.235722252036968,GOIBIBO,1.0,2.5649493574615367,7055.3
323,customer_160,booking_278,Gurgaon,India,Patna,India,2020-01-28T16:35:05Z,Desktop,8.562663565460994,MMT,1.0,0.6931471805599453,862.3
324,customer_108,booking_195,Gurgaon,India,Faro,Portugal,2019-12-14T15:12:14Z,IOS,11.019455031523938,GOIBIBO,2.0,2.0794415416798357,8003.0
325,customer_79,booking_41,Gurgaon,India,Roissy-en-France,France,2022-03-11T20:43:32Z,IOS,10.16035984059438,GOIBIBO,1.0,2.8903717578961645,6564.2
326,customer_247,booking_48,Rāja Sānsi,India,Gurgaon,India,2021-11-09T04:04:49Z,Android,8.649483814604627,GOIBIBO,1.0,3.1354942159291497,414.6
327,customer_106,booking_116,Chennai,India,Coimbatore,India,2022-01-21T15:17:42Z,Desktop,8.247167654201897,GOIBIBO,1.0,1.791759469228055,429.4
328,customer_299,booking_6,Mumbai,India,Luqa,Malta,2019-11-16T19:05:48Z,IOS,10.307805336052407,GOIBIBO,1.0,1.6094379124341003,6056.1
329,customer_33,booking_187,Gurgaon,India,Berlin,Germany,2019-11-07T14:50:11Z,IOS,9.940744800891835,GOIBIBO,1.0,0.6931471805599453,6008.3
330,customer_14,booking_216,Gurgaon,India,Düsseldorf,Germany,2019-07-29T20:33:06Z,Desktop,10.768905954036526,YATRA,2.0,4.9344739331306915,6510.0
331,customer_304,booking_237,Pune,India,Varanasi,India,2020-12-22T18:30:43Z,MobileWeb,9.409316632694258,MMT,2.0,1.0986122886681098,1208.9
332,customer_32,booking_96,Nagpur,India,Ahmedabad,India,2021-01-03T15:43:58Z,Desktop,8.285359489887593,MMT,1.0,0.0,700.0
333,customer_67,booking_328,Devanhalli,India,Gurgaon,India,2020-10-15T14:43:32Z,Desktop,8.63688196555449,MMT,1.0,0.6931471805599453,1694.7
334,customer_133,booking_238,Gurgaon,India,Amritsar,India,2020-02-14T14:20:20Z,IOS,7.908975221641597,YATRA,1.0,3.258096538021482,421.0
335,customer_235,booking_37,Gurgaon,India,Bhubaneswar,India,2020-03-21T06:40:56Z,Android,8.787525625532906,GOIBIBO,1.0,0.0,1274.7
336,customer_62,booking_239,Gurgaon,India,Birmingham,United Kingdom,2020-01-31T20:35:35Z,Desktop,11.512925464970229,GOIBIBO,2.0,4.6913478822291435,7190.9
337,customer_5,booking_131,Mumbai,India,Kloten,Switzerland,2018-10-11T14:31:28Z,Desktop,10.917862794018431,YATRA,2.0,3.091042453358316,6760.0
338,customer_241,booking_336,Gurgaon,India,Amsterdam,Netherlands,2022-07-11T18:46:59Z,Desktop,10.624191532666945,GOIBIBO,1.0,2.995732273553991,6354.9
